{
  "Total" : {
    "transaction" : "Total",
    "sampleCount" : 3000,
    "errorCount" : 1406,
    "errorPct" : 46.866665,
    "meanResTime" : 27106.239333333353,
    "medianResTime" : 26475.0,
    "minResTime" : 1727.0,
    "maxResTime" : 61867.0,
    "pct1ResTime" : 55761.0,
    "pct2ResTime" : 57538.5,
    "pct3ResTime" : 59630.96,
    "throughput" : 8.561130754150009,
    "receivedKBytesPerSec" : 15.563634082289589,
    "sentKBytesPerSec" : 0.5241797544953071
  },
  "myABFlex Load Test" : {
    "transaction" : "myABFlex Load Test",
    "sampleCount" : 3000,
    "errorCount" : 1406,
    "errorPct" : 46.866665,
    "meanResTime" : 27106.239333333353,
    "medianResTime" : 26475.0,
    "minResTime" : 1727.0,
    "maxResTime" : 61867.0,
    "pct1ResTime" : 55761.0,
    "pct2ResTime" : 57538.5,
    "pct3ResTime" : 59630.96,
    "throughput" : 8.561130754150009,
    "receivedKBytesPerSec" : 15.563634082289589,
    "sentKBytesPerSec" : 0.5241797544953071
  }
}